keyword,count
상세,21329
훈련기,20402
코드,20381
데이터,10745
서울,10435
근로자,8499
일반,6011
한국,5592
협회,5260
실업자,4969
청년,4965
국민,4740
카드,4713
배움,4690
산업,4658
디지털,4628
활용,4373
강남구,4321
창업,4102
평생교육,4037
경기,3997
부산,3833
에듀,3377
러닝,3376
부산진구,3175
요약,3136
주식회사,3116
교육,3092
예비,3038
플러스,2972
실무,2898
컴퓨터,2832
연령,2752
자격증,2699
아카데미,2698
학원,2561
구로구,2554
제목,2524
통합,2510
개발,2496
취득,2431
기타,2369
이러닝,2257
고양시,2226
분야,2205
일산동구,2174
분류,2171
지능,2158
인공,2136
테크,2089
대학생,1995
기술,1991
분석,1976
사단법인,1962
그린,1943
빅데이터,1876
윈스,1875
펙원격,1875
정책,1819
일반인,1772
시대,1736
양성,1689
대학,1540
업력,1509
인천,1492
필기,1487
역량,1482
실기,1453
자격,1401
오니,1377
전략,1352
취업,1351
창조,1276
국가,1267
능력,1256
직업,1220
관심,1212
방법,1189
제한,1189
기초,1188
영등포구,1183
기반,1161
다음,1154
제작,1120
미래,1084
미만,1083
퓨어,1082
조건,1078
기사,1068
콘텐츠,1052
워드,1031
컨버전,1031
비원,1016
이내,995
청소년,975
회계,957
복지,948
혁신,933
일자리,924
스마트,923
디자인,916
희망,910
직종,905
전국,896
공간,891
패스,876
주관,858
종합,838
발굴,830
맞춤,821
제조,804
육성,799
시설,798
향상,780
연구기관,774
초기,771
거주,770
강화,762
성형,753
부평구,751
아이디어,750
전문학교,744
업무,731
융합,725
상위,722
전산,720
보건,713
스타트업,699
엑셀,699
비즈니스,696
기능사,690
파이썬,686
활동,683
사무,680
사회,661
전문가,661
마케팅,657
창업가,647
보유,643
보육,642
나이,639
문화,632
핵심,615
구조,613
포토샵,613
변화,612
활성화,608
프로젝트,603
이론,600
대응,599
세무,595
통한,592
시작,590
컴퓨터아트,587
프로그래밍,587
개월,585
온라인,585
컨설팅,583
아래,580
네트워크,569
영상,565
멘토링,563
성장,553
참가자,546
관리,541
이해,540
조리,537
경제,533
등록,531
음료,529
의료,524
일러스트,523
필수,516
중심,511
마스터,507
서초구,500
아이템,493
입문,486
프리미어,483
직장인,481
소재,478
준비,471
서구,453
행사,453
기획,448
주민등록,434
안산시,431
계획,427
성공,427
우대,425
코딩,425
캠퍼스,424
대비,420
서류,418
영상편집,414
광주,413
개발자,412
실전,412
전문,412
인력,410
진행,410
건축,409
인재,409
신규,407
구현,404
미용,400
전공자,400
개인,399
파워포인트,395
요양보호사,393
평가,389
대구,388
지식,388
성남시,387
적용,387
클라우드,383
참여자,380
누구,378
안정,375
플랫폼,371
소득,368
관리사,365
안산,365
이후,360
대표자,359
중소기업,359
기회,357
현장,353
단원구,351
상담,351
최대,350
스케,348
전북,346
주거,343
지급,343
경남,341
미디어,341
추가,341
주택,339
광고,336
학교,336
실습,334
산업혁명,333
구축,332
법인,329
대전,328
진흥,328
스킬,325
금천구,324
정착,324
모두,322
보통,320
대회,317
팩토리,317
유망,315
하이,315
여성,314
글로벌,311
금융,311
울산,311
프론트엔드,311
경북,310
관내,309
우수,308
합격,308
왕초보,307
제출,307
참가,306
이전,305
충남,305
트레이닝,302
패키지,301
구직,295
조성,294
산대특,292
도전,287
웹디자인,285
캐드,284
생활,282
투자,281
고용,279
펙트,279
경험,278
멀티미디어,277
부담,277
스마트워크,275
가이드,274
도내,274
커피,274
인디자인,273
심사,267
경진,265
보조금,264
국제,263
편집디자인,261
원격,260
설계,259
전기,259
추진,259
개최,258
모델링,258
도모,250
출판,249
클래스,249
예정,248
와우,247
포함,247
이용,246
세상,245
캠프,245
타운,245
마련,243
창의,243
자동화,242
실내,241
미용사,240
고객,237
문제,237
직원,237
바리스타,233
핵집,233
경영,232
작성,232
체계,228
자금,227
협력,227
퍼블리셔,226
기본,225
개념,224
당장,224
복합,224
제풀이,224
졸업,224
중구,224
대학교,221
목적,221
강동구,220
구성,220
모든,220
인테리어,220
제품,219
주소지,219
중인,218
올인원,217
단계,215
동래구,215
스케치업,215
서울시,214
특강,214
기여,212
한글,212
벤처기업,211
분당구,211
해결,211
선발,209
성남,209
출생,206
뷰티,205
홍보,204
접수,203
경기도,202
인턴,202
자바,202
재단,201
환경,201
애프터,200
부트캠프,199
출처,199
공인,197
나무,196
시각,196
전주시,196
제과제빵,195
확대,195
시험,194
개별,193
노원구,193
요건,193
채용,193
직무,192
건강,191
브랜드,191
미취,190
보험,190
대표,189
반응,189
유튜브,189
북구,187
처리,187
남동구,185
코칭,185
드림,184
컴활,183
현재,183
재직,182
주소,182
남구,180
누리,180
사원,178
사례,177
거주지,175
예술,175
카페,174
바로,173
이메일,172
전환,172
제외,172
종로구,172
법률,171
완성,171
편집,171
가구,169
취약,169
생태계,168
충북,168
안양시,167
창조경제,167
충족,166
자의,165
단체,164
공동,162
단기,162
모델,161
최신,161
학생,161
경쟁력,160
중소,160
촉진,160
헤어,160
광역시,159
백만원,159
수원시,159
원금,159
본사,157
소재지,157
요리,157
제주,157
크리에이터,156
블록,155
시행,154
자립,154
디자이너,152
사람,152
메이,151
사관학교,151
노하우,150
만들기,150
상담사,150
과목,149
네트워킹,149
등록증,149
본인,149
셀러,149
수행,149
진출,148
급여,147
선택,147
숏폼,147
에펙,147
체인,147
트랜스,147
레시피,146
물류,146
안전,146
업자,146
의료인,146
지속,146
중위,145
레이,144
시장,144
스택,143
충청남도,143
끝판,142
대상자,142
백엔드,142
업종,142
바이블,141
재학생,141
경력,140
만안구,140
민간,140
성동구,140
전남,140
자원,139
오피스,138
주자,138
계층,137
단축,137
시민,137
인프라,137
유통,136
유도,135
인사,135
가장,134
가지,134
린지,134
체험,134
실현,133
자바스크립트,133
고문,131
