keyword,count,analyzer
창업,45330,konlpy.Okt
청년,37718,konlpy.Okt
근로자,25854,konlpy.Okt
상세,24508,konlpy.Okt
서울,21964,konlpy.Okt
코드,20549,konlpy.Okt
훈련기,20407,konlpy.Okt
일반,18404,konlpy.Okt
데이터,17676,konlpy.Okt
실업자,14907,konlpy.Okt
국민,14403,konlpy.Okt
카드,14283,konlpy.Okt
배움,14075,konlpy.Okt
활용,13581,konlpy.Okt
산업,13342,konlpy.Okt
예비,12750,konlpy.Okt
교육,11966,konlpy.Okt
한국,11638,konlpy.Okt
디지털,11477,konlpy.Okt
협회,10618,konlpy.Okt
실무,8890,konlpy.Okt
강남구,8652,konlpy.Okt
부산,8645,konlpy.Okt
경기,8254,konlpy.Okt
평생교육,8172,konlpy.Okt
정책,8012,konlpy.Okt
취득,7467,konlpy.Okt
연령,7159,konlpy.Okt
러닝,7128,konlpy.Okt
자격증,6967,konlpy.Okt
에듀,6804,konlpy.Okt
분야,6729,konlpy.Okt
컴퓨터,6579,konlpy.Okt
지능,6570,konlpy.Okt
인공,6452,konlpy.Okt
부산진구,6445,konlpy.Okt
요약,6442,konlpy.Okt
방법,6378,konlpy.Okt
분석,6250,konlpy.Okt
주식회사,6236,konlpy.Okt
플러스,6079,konlpy.Okt
빅데이터,5903,konlpy.Okt
취업,5854,konlpy.Okt
아카데미,5775,konlpy.Okt
대학생,5687,konlpy.Okt
기술,5466,konlpy.Okt
대학,5455,konlpy.Okt
양성,5322,konlpy.Okt
자격,5289,konlpy.Okt
구로구,5218,konlpy.Okt
시대,5197,konlpy.Okt
개발,5193,konlpy.Okt
학원,5143,konlpy.Okt
인천,5124,konlpy.Okt
일반인,4853,konlpy.Okt
테크,4721,konlpy.Okt
조건,4580,konlpy.Okt
이러닝,4516,konlpy.Okt
필기,4492,konlpy.Okt
고양시,4488,konlpy.Okt
역량,4473,konlpy.Okt
실기,4390,konlpy.Okt
통합,4356,konlpy.Okt
일산동구,4349,konlpy.Okt
창조,4301,konlpy.Okt
업력,4276,konlpy.Okt
전략,4211,konlpy.Okt
국가,4110,konlpy.Okt
사단법인,3931,konlpy.Okt
그린,3925,konlpy.Okt
기초,3847,konlpy.Okt
분류,3824,konlpy.Okt
제목,3804,konlpy.Okt
콘텐츠,3798,konlpy.Okt
이내,3773,konlpy.Okt
능력,3754,konlpy.Okt
윈스,3750,konlpy.Okt
펙원격,3750,konlpy.Okt
제작,3685,konlpy.Okt
공간,3624,konlpy.Okt
제한,3616,konlpy.Okt
기반,3499,konlpy.Okt
기사,3371,konlpy.Okt
스타트업,3209,konlpy.Okt
회계,3178,konlpy.Okt
미래,3177,konlpy.Okt
미만,3163,konlpy.Okt
스마트,3152,konlpy.Okt
직업,3136,konlpy.Okt
전산,3136,konlpy.Okt
일자리,3116,konlpy.Okt
관심,3116,konlpy.Okt
온라인,3096,konlpy.Okt
혁신,3055,konlpy.Okt
디자인,2985,konlpy.Okt
기타,2941,konlpy.Okt
활동,2924,konlpy.Okt
문화,2907,konlpy.Okt
사회,2897,konlpy.Okt
주관,2894,konlpy.Okt
오니,2890,konlpy.Okt
나이,2851,konlpy.Okt
시설,2832,konlpy.Okt
초기,2821,konlpy.Okt
청소년,2754,konlpy.Okt
직종,2741,konlpy.Okt
워드,2738,konlpy.Okt
거주,2713,konlpy.Okt
패스,2679,konlpy.Okt
소득,2647,konlpy.Okt
맞춤,2613,konlpy.Okt
개월,2606,konlpy.Okt
희망,2586,konlpy.Okt
다음,2563,konlpy.Okt
종합,2555,konlpy.Okt
아이디어,2535,konlpy.Okt
보육,2480,konlpy.Okt
육성,2418,konlpy.Okt
영등포구,2405,konlpy.Okt
서류,2388,konlpy.Okt
강화,2376,konlpy.Okt
업무,2334,konlpy.Okt
융합,2318,konlpy.Okt
상위,2293,konlpy.Okt
성형,2286,konlpy.Okt
평가,2277,konlpy.Okt
향상,2277,konlpy.Okt
세무,2239,konlpy.Okt
창업가,2218,konlpy.Okt
연구기관,2216,konlpy.Okt
제출,2195,konlpy.Okt
등록,2181,konlpy.Okt
퓨어,2164,konlpy.Okt
마케팅,2134,konlpy.Okt
비즈니스,2133,konlpy.Okt
컨버전,2114,konlpy.Okt
엑셀,2102,konlpy.Okt
발굴,2094,konlpy.Okt
파이썬,2069,konlpy.Okt
주택,2062,konlpy.Okt
필수,2060,konlpy.Okt
프로젝트,2059,konlpy.Okt
비원,2032,konlpy.Okt
지급,2027,konlpy.Okt
컨설팅,2024,konlpy.Okt
복지,2000,konlpy.Okt
전문가,1995,konlpy.Okt
관리,1979,konlpy.Okt
전국,1974,konlpy.Okt
요양보호사,1963,konlpy.Okt
기능사,1935,konlpy.Okt
멘토링,1892,konlpy.Okt
보유,1874,konlpy.Okt
캠퍼스,1867,konlpy.Okt
광주,1864,konlpy.Okt
포토샵,1859,konlpy.Okt
추가,1854,konlpy.Okt
이론,1846,konlpy.Okt
구조,1843,konlpy.Okt
영상,1827,konlpy.Okt
대응,1826,konlpy.Okt
변화,1823,konlpy.Okt
핵심,1822,konlpy.Okt
주민등록,1804,konlpy.Okt
주거,1785,konlpy.Okt
시작,1777,konlpy.Okt
프로그래밍,1766,konlpy.Okt
통한,1758,konlpy.Okt
의료,1748,konlpy.Okt
네트워크,1712,konlpy.Okt
경제,1696,konlpy.Okt
이메일,1683,konlpy.Okt
심사,1673,konlpy.Okt
출처,1672,konlpy.Okt
활성화,1637,konlpy.Okt
최대,1624,konlpy.Okt
이해,1616,konlpy.Okt
건축,1615,konlpy.Okt
소재,1606,konlpy.Okt
중심,1589,konlpy.Okt
개인,1581,konlpy.Okt
상담,1567,konlpy.Okt
기획,1561,konlpy.Okt
성장,1553,konlpy.Okt
준비,1552,konlpy.Okt
부평구,1535,konlpy.Okt
일러스트,1530,konlpy.Okt
전문학교,1520,konlpy.Okt
마스터,1520,konlpy.Okt
계획,1495,konlpy.Okt
아래,1478,konlpy.Okt
울산,1468,konlpy.Okt
입문,1463,konlpy.Okt
참가자,1462,konlpy.Okt
프리미어,1450,konlpy.Okt
중소기업,1445,konlpy.Okt
우대,1440,konlpy.Okt
직장인,1434,konlpy.Okt
인재,1429,konlpy.Okt
이후,1426,konlpy.Okt
학교,1426,konlpy.Okt
인력,1424,konlpy.Okt
성공,1412,konlpy.Okt
신규,1412,konlpy.Okt
대회,1407,konlpy.Okt
아이템,1394,konlpy.Okt
고용,1383,konlpy.Okt
행사,1380,konlpy.Okt
전문,1365,konlpy.Okt
적용,1364,konlpy.Okt
사무,1360,konlpy.Okt
참여자,1342,konlpy.Okt
타운,1341,konlpy.Okt
코딩,1329,konlpy.Okt
법인,1328,konlpy.Okt
개발자,1327,konlpy.Okt
지식,1313,konlpy.Okt
대표자,1295,konlpy.Okt
구직,1293,konlpy.Okt
여성,1276,konlpy.Okt
대비,1273,konlpy.Okt
실전,1251,konlpy.Okt
이전,1250,konlpy.Okt
영상편집,1249,konlpy.Okt
플랫폼,1239,konlpy.Okt
현장,1236,konlpy.Okt
금융,1230,konlpy.Okt
글로벌,1227,konlpy.Okt
투자,1217,konlpy.Okt
구현,1210,konlpy.Okt
전공자,1201,konlpy.Okt
포함,1196,konlpy.Okt
파워포인트,1183,konlpy.Okt
컴퓨터아트,1174,konlpy.Okt
접수,1173,konlpy.Okt
경진,1166,konlpy.Okt
서구,1163,konlpy.Okt
클라우드,1159,konlpy.Okt
보험,1155,konlpy.Okt
패키지,1148,konlpy.Okt
진행,1145,konlpy.Okt
자립,1128,konlpy.Okt
관리사,1127,konlpy.Okt
모두,1117,konlpy.Okt
이용,1115,konlpy.Okt
보건,1111,konlpy.Okt
실습,1110,konlpy.Okt
가구,1105,konlpy.Okt
정착,1103,konlpy.Okt
대구,1094,konlpy.Okt
누구,1084,konlpy.Okt
스케,1076,konlpy.Okt
제조,1069,konlpy.Okt
조리,1041,konlpy.Okt
진흥,1040,konlpy.Okt
안정,1033,konlpy.Okt
광고,1033,konlpy.Okt
경험,1027,konlpy.Okt
충남,1025,konlpy.Okt
생활,1023,konlpy.Okt
경북,1019,konlpy.Okt
서초구,1016,konlpy.Okt
제외,1011,konlpy.Okt
방문,1011,konlpy.Okt
경기도,998,konlpy.Okt
참가,996,konlpy.Okt
산업혁명,994,konlpy.Okt
채용,993,konlpy.Okt
우수,991,konlpy.Okt
서울시,990,konlpy.Okt
관내,983,konlpy.Okt
대출,981,konlpy.Okt
미용,979,konlpy.Okt
스킬,975,konlpy.Okt
경남,973,konlpy.Okt
합격,972,konlpy.Okt
예정,966,konlpy.Okt
예술,966,konlpy.Okt
보통,960,konlpy.Okt
기회,959,konlpy.Okt
자금,958,konlpy.Okt
작성,956,konlpy.Okt
안산시,954,konlpy.Okt
구축,939,konlpy.Okt
프론트엔드,936,konlpy.Okt
대학교,931,konlpy.Okt
선발,925,konlpy.Okt
바리스타,922,konlpy.Okt
왕초보,921,konlpy.Okt
대전,913,konlpy.Okt
건강,910,konlpy.Okt
트레이닝,908,konlpy.Okt
성남시,898,konlpy.Okt
본인,894,konlpy.Okt
인턴,894,konlpy.Okt
부담,889,konlpy.Okt
주소지,886,konlpy.Okt
전기,886,konlpy.Okt
전북,882,konlpy.Okt
면접,880,konlpy.Okt
산대특,876,konlpy.Okt
기본,874,konlpy.Okt
시험,874,konlpy.Okt
도내,870,konlpy.Okt
출판,856,konlpy.Okt
미디어,849,konlpy.Okt
강동구,849,konlpy.Okt
요건,843,konlpy.Okt
설계,843,konlpy.Okt
국제,842,konlpy.Okt
중인,841,konlpy.Okt
급여,840,konlpy.Okt
펙트,837,konlpy.Okt
보조금,836,konlpy.Okt
홈페이지,832,konlpy.Okt
추진,830,konlpy.Okt
안산,830,konlpy.Okt
스마트워크,827,konlpy.Okt
졸업,826,konlpy.Okt
가이드,824,konlpy.Okt
도전,822,konlpy.Okt
개별,820,konlpy.Okt
캐드,817,konlpy.Okt
단체,813,konlpy.Okt
웹디자인,811,konlpy.Okt
직원,810,konlpy.Okt
인디자인,809,konlpy.Okt
조성,808,konlpy.Okt
홍보,807,konlpy.Okt
공인,805,konlpy.Okt
모델링,804,konlpy.Okt
캠프,801,konlpy.Okt
협력,799,konlpy.Okt
특강,797,konlpy.Okt
재직,792,konlpy.Okt
구성,791,konlpy.Okt
편집디자인,788,konlpy.Okt
원금,787,konlpy.Okt
증명서,787,konlpy.Okt
제품,787,konlpy.Okt
소셜,786,konlpy.Okt
클래스,771,konlpy.Okt
보호,764,konlpy.Okt
복합,764,konlpy.Okt
농업인,762,konlpy.Okt
모든,761,konlpy.Okt
유망,760,konlpy.Okt
벤처기업,756,konlpy.Okt
고객,755,konlpy.Okt
경영,755,konlpy.Okt
멀티미디어,751,konlpy.Okt
커피,751,konlpy.Okt
출생,747,konlpy.Okt
신청서,747,konlpy.Okt
식품,745,konlpy.Okt
실내,743,konlpy.Okt
자동화,742,konlpy.Okt
원격,741,konlpy.Okt
와우,741,konlpy.Okt
제주,737,konlpy.Okt
세상,737,konlpy.Okt
문제,725,konlpy.Okt
미용사,723,konlpy.Okt
학생,722,konlpy.Okt
종료,721,konlpy.Okt
카페,717,konlpy.Okt
개최,714,konlpy.Okt
직무,714,konlpy.Okt
대상자,713,konlpy.Okt
단계,713,konlpy.Okt
광역시,713,konlpy.Okt
보증,712,konlpy.Okt
수당,709,konlpy.Okt
팩토리,707,konlpy.Okt
미취,705,konlpy.Okt
환경,704,konlpy.Okt
단원구,704,konlpy.Okt
불가,703,konlpy.Okt
핵집,699,konlpy.Okt
목적,692,konlpy.Okt
브랜드,691,konlpy.Okt
물류,691,konlpy.Okt
응시,688,konlpy.Okt
등록증,684,konlpy.Okt
중위,682,konlpy.Okt
대표,681,konlpy.Okt
충족,678,konlpy.Okt
퍼블리셔,678,konlpy.Okt
인테리어,677,konlpy.Okt
당장,676,konlpy.Okt
제풀이,675,konlpy.Okt
주소,670,konlpy.Okt
금천구,670,konlpy.Okt
업종,669,konlpy.Okt
법률,669,konlpy.Okt
월세,669,konlpy.Okt
개념,668,konlpy.Okt
음료,668,konlpy.Okt
가입,662,konlpy.Okt
로컬,662,konlpy.Okt
농업,656,konlpy.Okt
드림,651,konlpy.Okt
올인원,651,konlpy.Okt
참고,649,konlpy.Okt
백만원,649,konlpy.Okt
사관학교,649,konlpy.Okt
유형,645,konlpy.Okt
스케치업,645,konlpy.Okt
취약,641,konlpy.Okt
한글,641,konlpy.Okt
크리에이터,640,konlpy.Okt
행정,639,konlpy.Okt
하이,639,konlpy.Okt
해결,638,konlpy.Okt
재단,634,konlpy.Okt
마련,633,konlpy.Okt
수행,633,konlpy.Okt
관광,632,konlpy.Okt
선택,631,konlpy.Okt
현재,624,konlpy.Okt
체계,621,konlpy.Okt
발급,614,konlpy.Okt
처리,612,konlpy.Okt
자바,607,konlpy.Okt
도모,604,konlpy.Okt
애프터,604,konlpy.Okt
이자,601,konlpy.Okt
증빙,598,konlpy.Okt
비고,593,konlpy.Okt
시각,591,konlpy.Okt
사람,590,konlpy.Okt
정부,588,konlpy.Okt
가족,587,konlpy.Okt
계층,586,konlpy.Okt
발표,580,konlpy.Okt
사례,580,konlpy.Okt
유튜브,580,konlpy.Okt
신혼부부,578,konlpy.Okt
창의,578,konlpy.Okt
확대,576,konlpy.Okt
경력,575,konlpy.Okt
민간,571,konlpy.Okt
반응,570,konlpy.Okt
부트캠프,569,konlpy.Okt
코칭,568,konlpy.Okt
고문,565,konlpy.Okt
셀러,560,konlpy.Okt
단기,559,konlpy.Okt
해외,557,konlpy.Okt
시장,555,konlpy.Okt
시행,554,konlpy.Okt
업자,554,konlpy.Okt
금액,553,konlpy.Okt
컴활,552,konlpy.Okt
공동,551,konlpy.Okt
레이,550,konlpy.Okt
비용,547,konlpy.Okt
바로,545,konlpy.Okt
재학생,542,konlpy.Okt
충북,542,konlpy.Okt
영농,538,konlpy.Okt
기여,534,konlpy.Okt
사원,534,konlpy.Okt
거주지,530,konlpy.Okt
전입,527,konlpy.Okt
체험,527,konlpy.Okt
전환,527,konlpy.Okt
누리,527,konlpy.Okt
주자,526,konlpy.Okt
장애인,525,konlpy.Okt
편집,523,konlpy.Okt
중구,520,konlpy.Okt
신용,519,konlpy.Okt
네트워킹,517,konlpy.Okt
계약,516,konlpy.Okt
소재지,515,konlpy.Okt
남구,515,konlpy.Okt
완성,514,konlpy.Okt
성남,513,konlpy.Okt
재학,510,konlpy.Okt
창작,508,konlpy.Okt
재산,500,konlpy.Okt
연장,497,konlpy.Okt
제과제빵,495,konlpy.Okt
헤어,494,konlpy.Okt
인천광역시,487,konlpy.Okt
업체,485,konlpy.Okt
최신,485,konlpy.Okt
특별자치도,484,konlpy.Okt
경상북도,482,konlpy.Okt
게임,482,konlpy.Okt
별도,481,konlpy.Okt
안전,480,konlpy.Okt
자원,477,konlpy.Okt
블록,477,konlpy.Okt
촉진,476,konlpy.Okt
북구,471,konlpy.Okt
동의,469,konlpy.Okt
관계,468,konlpy.Okt
계좌,467,konlpy.Okt
